building,sum,mean,min,max
building,0.0,,,
cleaned,1272.4,42.413333333333334,22.0,65.0
library,437.7,29.18,22.0,35.0
science,834.7,55.64666666666667,44.0,65.0
